"County","City","Facility","Address","Vaccine Types","Appt Available","Scheduling Site","Info Website","Email","Phone","Instructions for Public","Walk-In Instructions","Last Updated"
"Adams","Othello","CONNELL FAMILY CLINIC","1515 E. Columbia St, Othello, WA 99344","Unknown","true","","","","(509) 488-5256","","","2/17/2021 7:20 PM"
"Adams","Othello","Othello Community Hospital","315 N 14th Avenue, Othello, WA 99344","Unknown","false","","https://www.othellocommunityhospital.org/","","(509) 331-2676","BY APPOINTMENT ONLY, please call Covid vaccine line at (509) 331-2676 and leave a message to schedule an appointment. Someone will return your call within 48 hours Monday - Friday.","","2/21/2021 8:24 AM"
"Adams","Ritzville","East Adams Rural Healthcare","903 S Adams St, Ritzville, WA 99169","Unknown","false","","http://Earh.org","jpepperd@earh.org","(509) 659-1200","","","2/21/2021 9:09 AM"
"Asotin","Clarkston","Tri-State Memorial Hospital","1221 Highland Avenue, Clarkston, WA 99403","Pfizer|Moderna","true","","https://tristatehospital.org","","(509) 769-2215","Please call the scheduling phone number to arrange an appointment. Vaccines are by appointment only.","Walk-in not available","2/21/2021 1:12 PM"
"Asotin","Clarkston","CLARKSON COSTCO","301 Fifth Street, Clarkston, WA 99403","Unknown","false","https://book-costcopharmacy.appointment-plus.com/ctx9xpqe/?&e_id=4985","","","","Appointments are required. Please schedule on our link. If there are no dates listed, all appointments have been filled. Please check back at a later date. Please do not call the pharmacy to inquire about additional dates. The website will be updated as we receive additional vaccine doses.","","2/21/2021 9:06 AM"
"Benton","Grandview","SAFEWAY #27-1593","610 E Wine Country Rd, Grandview, WA 98930","Unknown","true","https://kordinator.mhealthcoach.net/vcl/SafewayPharmacyGrandview","","","","Appointments are required. If there are no spots left on the scheduling link, all appointment times have been filled. We will add more appointments when we receive more vaccine.","","2/3/2021 11:23 AM"
"Benton","Kennewick","ON SCENE MEDICAL SERVICES","7511 West Arrowhead Ave. S, Kennewick, WA 99336","Unknown","false","","https://www.OnSceneMed.com","Info@onscenemed.com","","","","2/18/2021 10:10 PM"
"Benton","Kennewick","SAFEWAY #27-0335","2825 W Kennewick Ave, Kennewick, WA 99336","Unknown","true","https://kordinator.mhealthcoach.net/vcl/SafewayPharmacyKennewick","","","","Appointments are required. Scheduling using our link. If there are no spots on the scheduling link, all appointments have been filled. More appointments will be added as we receive more vaccine. Please do not call the pharmacy to inquire about additional dates.","","2/3/2021 8:15 PM"
"Benton","Kennewick","FRED MEYER PHARMACY 70100163","2811 W 10th Ave, Kennewick, WA 99336","Unknown","true","https://www.fredmeyer.com/rx/guest/get-vaccinated","","","509-735-8733","Appointments are required. Please schedule on our link. If there are no dates listed, all appointments have been filled. Please check back at a later date. Please do not call the pharmacy to inquire about additional dates. The website will be updated as we receive additional vaccine doses.","","2/11/2021 8:19 AM"
"Benton","Kennewick","KENNEWICK COSTCO","8505 West Gage Blvd, Kennewick, WA 99336","Unknown","false","https://book-costcopharmacy.appointment-plus.com/ctxbqvnc/?&e_id=4973","","","","Appointments are required. Please schedule on our link. If there are no dates listed, all appointments have been filled. Please check back at a later date. Please do not call the pharmacy to inquire about additional dates. The website will be updated as we receive additional vaccine doses.","","2/21/2021 9:10 AM"
"Benton","Prosser","Prosser Memorial Hospital","723 Memorial St, Prosser, WA 99350","Unknown","false","","https://www.prosserhealth.org","connect@prosserhealth.org","(509) 788-6035","","","2/21/2021 10:56 AM"
"Benton","Prosser","YVFWC VALLEY VISTA MEDICAL GRP","820 Memorial St. Suite 1, Prosser, WA 99350","Unknown","false","","","quality@yvfwc.org","","","","2/20/2021 10:13 PM"
"Benton","Richland","Health First Urgent Care","37 Columbia Point Dr, Richland, WA 99352","Unknown","true","","","","509-300-1500","","","2/9/2021 10:11 AM"
"Benton","Richland","Kadlec Regional Medical Center","888 Swift Blvd, Richland, WA 99352","Unknown","false","https://providencecovidvaccinewamt.squarespace.com/kadlec","","","","","","2/19/2021 1:46 PM"
"Benton","Richland","FRED MEYER PHARMACY 70100286","101 Wellsian Way, Richland, WA 99352","Unknown","true","https://www.fredmeyer.com/rx/guest/get-vaccinated","","","509-943-8358","Appointments are required. Please schedule on our link. If there are no dates listed, all appointments have been filled. Please check back at a later date. Please do not call the pharmacy to inquire about additional dates. The website will be updated as we receive additional vaccine doses.","","2/11/2021 8:32 AM"
"Chelan","Chelan","Lake Chelan Community Hospital & Clinics","503 E Highland, Chelan, WA 98816","Unknown","false","http://cdhd.wa.gov","http://lakechelanhealth.org","","","","","2/20/2021 8:38 PM"
"Chelan","Leavenworth","Cascade Medical","817 Commercial St, Leavenworth, WA 98826","Unknown","false","http://bit.ly/2OV68Nh","https://cascademedical.org/keeping-you-informed-covid-19","covidvaccine@cascademedical.org","(509) 548-2517","Please note that appointments are required and we are currently scheduling from a waitlist. If you have internet service, please fill out the online form and we will call you when an appointment becomes available for you. If you do not have internet service, call our COVID immunization hotline at the phone number listed and leave your name, number, and whether you are currently eligible to receive immunization.","","2/19/2021 9:34 AM"
"Chelan","Wenatchee","Confluence Health/Central Washington Hospital","1201 S. Miller St., Wenatchee, WA 98801","Unknown","false","","","","(509) 663-8711","Appointments are required. Please call 509-663-8711 to schedule an appointment. If there are no appointments upon the time of call, all appointments have been filled. Additional clinic dates will be added when we receive more vaccine.","","2/21/2021 12:47 PM"
"Chelan","Wenatchee","SAFEWAY #27-1449","501 N Miller St, Wenatchee, WA 98801","Unknown","true","https://kordinator.mhealthcoach.net/vcl/SafewayPharmacyWenatchee","","","","Appointments are required. If there are no spots left on the scheduling link, all appointment times have been filled. We will add more appointments when we receive more vaccine","","2/3/2021 11:06 AM"
"Chelan","Wenatchee","WENATCHEE CVCH MEDICAL","600 Orondo, Wenatchee, WA 98801","Unknown","false","","http://CVCH.org","ResponseTeam@cvch.org","","Email for scheduling assistance","","2/20/2021 3:21 PM"
"Chelan","Wentachee","ALBERTSON'S PHARMACY #3412","1128 N Miller St, Wentachee, WA 98801","Unknown","true","https://kordinator.mhealthcoach.net/vcl/SavonPharmacyWenatchee","","","","Appointments are required. Please visit our link to schedule. If there are no spots on the scheduling link, all appointments have been filled. More appointments will be added as we receive more vaccine. Please do not call the pharmacy to inquire about additional dates.","","2/3/2021 10:08 AM"
"Clallam","Forks","Forks Community Hospital","530 Bogachiel Way, Forks, WA 98331","Unknown","true","","https://www.forkshospital.org/forks-community-hospital-status-report-for-forks-west-end/","Shawns@forkshospital.org","(360) 327-8325","Follow Forks Community Hospital website for information in regards to vaccine clinics being offered in our community.","Currently offering weekend clinics on Fridays and Saturdays, first come, first served . Check our website for latest updates and information.","2/21/2021 9:03 AM"
"Clallam","Port Angeles","NOHN EXPANDED SERVICES","933 E. 1st St, Port Angeles, WA 98362","Unknown","false","","https://www.nohn-pa.org","kduncan@nohn-pa.org","(360) 797-1438","email preferable","","2/17/2021 7:20 PM"
"Clallam","Sequim","SEQUIM COSTCO","955 West Washington St., Sequim, WA 98382","Unknown","false","https://book-costcopharmacy.appointment-plus.com/ctxcbbkx/?&e_id=5051","","","","Appointments are required. Please schedule on our link. If there are no dates listed, all appointments have been filled. Please check back at a later date. Please do not call the pharmacy to inquire about additional dates. The website will be updated as we receive additional vaccine doses.","","2/21/2021 9:16 AM"
"Clark","Battle Groun","VITAL CARE","1207 SE Rasmussen Blvd Sui, Battle Groun, WA 98604","Unknown","false","","https://www.vitalcarewa.com","","","Please watch the website starting the week of 2/8/21. If we have vaccine appointments available, you will see a VACCINE VISIT appointment option which can then be booked on a first come, first serve basis. If you do not see VACCINE VISIT as an option, we do not have the vaccine available that week. We are unable to pre-book via phone call.","","2/17/2021 7:21 PM"
"Clark","Battle Ground","FRED MEYER PHARMACY 70100614","401 NW 12th Ave, Battle Ground, WA 98604","Unknown","true","https://www.fredmeyer.com/rx/guest/get-vaccinated","","","360-666-5133","Appointments are required. Please schedule on our link. If there are no dates listed, all appointments have been filled. Please check back at a later date. Please do not call the pharmacy to inquire about additional dates. The website will be updated as we receive additional vaccine doses.","","2/16/2021 8:50 PM"
"Clark","Longview","FRED MEYER PHARMACY 70100185","3184 Ocean Beach Hwy, Longview, WA 98632","Unknown","true","https://www.fredmeyer.com/rx/guest/get-vaccinated","","","360-425-6222","Appointments are required. Please schedule on our link. If there are no dates listed, all appointments have been filled. Please check back at a later date. Please do not call the pharmacy to inquire about additional dates. The website will be updated as we receive additional vaccine doses.","","2/17/2021 7:20 PM"
"Clark","Vancouver","CLARK COUNTY PUBLIC HEALTH","1601 E Fourth Plain Blvd, Vancouver, WA 98661","Unknown","true","","https://clark.wa.gov/public-health/covid-19-vaccine","","(888) 225-4625","Clark County Public Health is collecting names and contact information and connecting individuals with providers once vaccine becomes available. If you would like to use this option please go to our website and complete the webform linked there.","","2/19/2021 11:30 AM"
"Clark","Vancouver","FRED MEYER PHARMACY 70100140","7700 NE Highway 99, Vancouver, WA 98665","Unknown","true","https://www.fredmeyer.com/rx/guest/get-vaccinated","","","360-699-8133","Appointments are required. Please schedule on our link. If there are no dates listed, all appointments have been filled. Please check back at a later date. Please do not call the pharmacy to inquire about additional dates. The website will be updated as we receive additional vaccine doses.","","2/16/2021 12:33 PM"
"Clark","Vancouver","FRED MEYER PHARMACY 70100208","11325 SE Mill Plain Blvd, Vancouver, WA 98684","Unknown","true","https://www.fredmeyer.com/rx/guest/get-vaccinated","","","360-253-7086","Appointments are required. Please schedule on our link. If there are no dates listed, all appointments have been filled. Please check back at a later date. Please do not call the pharmacy to inquire about additional dates. The website will be updated as we receive additional vaccine doses.","","2/17/2021 7:20 PM"
"Clark","Vancouver","FRED MEYER PHARMACY 70100236","7411 NE 117th Ave, Vancouver, WA 98662","Unknown","true","https://www.fredmeyer.com/rx/guest/get-vaccinated","","","360-896-3533","Appointments are required. Please schedule on our link. If there are no dates listed, all appointments have been filled. Please check back at a later date. Please do not call the pharmacy to inquire about additional dates. The website will be updated as we receive additional vaccine doses.","","2/17/2021 7:21 PM"
"Clark","Vancouver","FRED MEYER PHARMACY 70100460","800 NE Tenney Rd, Vancouver, WA 98685","Unknown","true","https://www.fredmeyer.com/rx/guest/get-vaccinated","","","360-571-2573","Appointments are required. Please schedule on our link. If there are no dates listed, all appointments have been filled. Please check back at a later date. Please do not call the pharmacy to inquire about additional dates. The website will be updated as we receive additional vaccine doses.","","2/8/2021 9:23 AM"
"Clark","Vancouver","FRED MEYER PHARMACY 70100683","2500 Columbia House Blvd, Vancouver, WA 98661","Unknown","true","https://www.fredmeyer.com/rx/guest/get-vaccinated","","","360-619-1733","Appointments are required. Please schedule on our link. If there are no dates listed, all appointments have been filled. Please check back at a later date. Please do not call the pharmacy to inquire about additional dates. The website will be updated as we receive additional vaccine doses.","","2/15/2021 12:43 PM"
"Clark","Vancouver","Fred Meyer Stores, Fisher's Landing","16600 SE Mcgillivary Blvd, Vancouver, WA 98683","Unknown","true","https://www.fredmeyer.com/rx/guest/get-vaccinated","","","360-260-3333","Appointments are required. Please schedule on our link. If there are no dates listed, all appointments have been filled. Please check back at a later date. Please do not call the pharmacy to inquire about additional dates. The website will be updated as we receive additional vaccine doses.","","2/17/2021 7:22 PM"
"Clark","Vancouver","SAFEWAY #19-1519","13719 SE Mill Plain Blvd., Vancouver, WA 98684","Unknown","true","https://kordinator.mhealthcoach.net/vcl/Safeway-Vancouver-137thMillPlain","","","","Appointments are required. Please visit our link. If there are no spots on the scheduling link, all appointments have been filled. More appointments will be added when we receive more vaccine.","","2/17/2021 7:20 PM"
"Clark","Vancouver","THE VANCOUVER CLINIC - SALMON CREEK","2525 NE 139th Street, Vancouver, WA 98686","Unknown","false","","https://tvc.org/coronavirus-2/","","","","","2/20/2021 9:08 PM"
"Clark","Vancouver","THE VANCOUVER PEDS 87TH AVENUE","700 NE 87th Ave, Vancouver, WA 98664","Unknown","false","","https://tvc.org/coronavirus-2/","","","","","2/20/2021 9:09 PM"
"Clark","Vancouver","E VANCOUVER WA COSTCO","19610 SE 1st Street, Vancouver, WA 98607","Unknown","false","https://book-costcopharmacy.appointment-plus.com/ctx715lc/?&e_id=4967","","","","Appointments are required. Please schedule on our link. If there are no dates listed, all appointments have been filled. Please check back at a later date. Please do not call the pharmacy to inquire about additional dates. The website will be updated as we receive additional vaccine doses.","","2/21/2021 9:07 AM"
"Clark","Vancouver","VANCOUVER WA COSTCO","6720 NE 84th Street, Vancouver, WA 98665","Unknown","false","https://book-costcopharmacy.appointment-plus.com/ctx8eqd0/?&e_id=4983","","","","Appointments are required. Please schedule on our link. If there are no dates listed, all appointments have been filled. Please check back at a later date. Please do not call the pharmacy, the website will be updated as we receive additional vaccine doses.","","2/21/2021 9:20 AM"
"Clark","Washougal","SAFEWAY #19-1687","3307 SE Evergreen, Washougal, WA 98671","Unknown","true","https://kordinator.mhealthcoach.net/vcl/Safeway-Washougal","","","","Appointments are required. Please visit our link to schedule. If there are no spots on the scheduling link, all appointments have been filled. More appointments will be added when we receive more vaccine.","","2/17/2021 7:20 PM"
"Columbia","Dayton","Columbia County Health System","1012 S. Third Street, Dayton, WA 99328","Moderna and Pfizer","true","http://no online scheduling at the present time","https://www.columbiaco.com/18/Public-Health","Pubilc_Health@co.columbia.wa.us","509-382-2181","Please call 509-382-2181 to add your name to the vaccine waiting list.","No Walk-in Clinics, Vaccination Clinics are by appointment only.","2/21/2021 8:12 AM"
"Cowlitz","Longview","SAFEWAY #19-1078","2930 Ocean Beach Hwy, Longview, WA 98632","Unknown","true","https://kordinator.mhealthcoach.net/vcl/Safeway-Longview-OceanBeachHwy","","","","Appointments are required. Please visit our link to schedule. If there are no spots left on the scheduling link, all appointment times have been filled. We will add more appointments when we receive more vaccine.","","2/17/2021 7:20 PM"
"Douglas","Bridgeport","FAMILY HEALTH CTRS BRIDGEPORT","1015 Columbia, Bridgeport, WA 98813","Moderna","true","https://myfamilyhealth.org/covid-vaccine/","","info@fhc.us","","Appointments are required. Please visit website to schedule. If there are no spots left on the scheduling link, all appointment times have been filled. We will add more appointments when we receive more vaccine.","","2/20/2021 6:51 PM"
"Douglas","East Wenatch","FRED MEYER PHARMACY 70100654","11 Grant Rd, East Wenatch, WA 98802","Unknown","true","https://www.fredmeyer.com/rx/guest/get-vaccinated","","","509-881-2388","Appointments are required. Please schedule on our link. If there are no dates listed, all appointments have been filled. Please check back at a later date. Please do not call the pharmacy to inquire about additional dates. The website will be updated as we receive additional vaccine doses.","","2/8/2021 5:02 AM"
"Douglas","Wenatchee","WENATCHEE COSTCO","375 Highline Drive South, Wenatchee, WA 98802","Unknown","false","https://book-costcopharmacy.appointment-plus.com/ctxb2gx2/?&e_id=5015","","","","Appointments are required. Please schedule on our link. If there are no dates listed, all appointments have been filled. Please check back at a later date. Please do not call the pharmacy to inquire about additional dates. The website will be updated as we receive additional vaccine doses","","2/21/2021 9:20 AM"
"Ferry","Republic","Ferry County Memorial Hospital","36 Klondike Rd, Republic, WA 99166","Unknown","true","","","","(509) 775-8686","Please call to schedule a vaccine appointment.","","2/21/2021 6:10 AM"
"Garfield","Pomeroy","Garfield County Public Hospital District","66 N Sixth Street, Pomeroy, WA 99347","Moderna","true","","https://www.co.garfield.wa.us/publichealth/page/covid-19-information","health@co.garfield.wa.us","(509) 843-3412","Please contact our local health department to get on the list for scheduling of the COVID-19 vaccine. A person will call you to make an appointment. Our vaccine clinics are being held every Friday.","No walk in clinics at this time, please contact the local health department.","2/18/2021 12:53 PM"
"Grant","Mattawa","MATTAWA COMMUNITY MED CLINIC","210 Government Rd, Mattawa, WA 99349","Unknown","true","https://mattawacommunitymedicalclinic.net","","d.fox@mattawaclinic.net","509-932-4499","Appointments are required. Please visit this website to schedule. If there are no spots left on the scheduling link, all appointment times have been filled. We will add more appointments when we receive more vaccine.","","2/17/2021 7:20 PM"
"Grant","Mattawa","WAHLUKE FAMILY HEALTH CENTER","601 Government Way, Mattawa, WA 99349","Unknown","true","","","","(509) 488-5256","","","2/17/2021 7:20 PM"
"Grant","Moses Lake","Samaritan Healthcare","801 E. Wheeler Rd., Moses Lake, WA 98837","Pfizer","true","","http://www.Samariitanhealthcare.com","Jsternberg@samaritanhealthcare.com","509-764-3335","BY Appointment Only","Drive Through Services","2/19/2021 3:31 PM"
"Grays Harbor","Aberdeen","GRAYS HARBOR COUNTY HEALTH DEPARTMENT","2109 Sumner Ave, Aberdeen, WA 98520","Pfizer","false","https://www.healthygh.org/directory/covid19","http://www.healthygh.org","Covid19@co.grays-harbor.wa.us","(360) 964-1850","Visit website and use ""contact us"" form.","","2/18/2021 3:54 PM"
"Grays Harbor","Aberdeen","SAFEWAY #27-1546","221 W Heron St, Aberdeen, WA 98520","Unknown","true","https://kordinator.mhealthcoach.net/vcl/SafewayPharmacyAberdeen","","","","Appointments are required. If there are no spots left on the scheduling link, all appointment times have been filled. We will add more appointments when we receive more vaccine.","","2/3/2021 11:23 AM"
"Grays Harbor","Elma","Summit Pacific Medical Center","600 East Main, Elma, WA 98541","Moderna","false","","https://summitpacificmedicalcenter.org/","vaccinescheduling@sp-mc.org","","Please fill out our Vaccine Intake form (located on the top right of our website). We will contact you and schedule an appointment as vaccine becomes available.","","2/19/2021 11:31 AM"
"Island","Camano Islan","CAMANO ISLAND HEALTH SYSTEM","1283 Elger Bay Road, Suite, Camano Islan, WA 98282","Unknown","false","","https://www.islandcountywa.gov/Health/Pages/Covid-Vaccine.aspx","","","Vaccine supply is extremely limited and appointments may not be available. Check our website for updates.","","2/20/2021 7:50 AM"
"Island","Clinton","Island Drug -South Whidbey #1142","8970 SR 525, Clinton, WA 98236","Moderna","true","https://islanddrug.com/pages/covidvaccine/","https://islanddrug.com","covidvaccine@islanddrug.com","","Please view website for current info","","2/18/2021 10:07 AM"
"Island","Oak Harbor","Island Drug - Oak Harbor","32170 State Route 20, Oak Harbor, WA 98277","Unknown","true","https://islanddrug.com/pages/covidvaccine/","https://islanddrug.com","covidvaccine@islanddrug.com","","Please view website for current info","","2/18/2021 10:09 AM"
"Jefferson","Port Townsen","SAFEWAY #27-0538","442 W Sims Way, Port Townsen, WA 98368","Unknown","true","https://kordinator.mhealthcoach.net/vcl/SafewayPharmacyPortTownsend","","","","Appointments are required. Please visit our link to schedule. If there are no spots left on the scheduling link, all appointment times have been filled. We will add more appointments when we receive more vaccine.","","2/3/2021 10:56 AM"
"Jefferson","Port Townsend","Jefferson Healthcare","834 Sheridan St, Port Townsend, WA 98368","Unknown","false","","https://jeffersonhealthcare.org/covid-19-vaccine/","","","Please visit our website for instructions on how to schedule.","","2/20/2021 12:26 PM"
"King","Auburn","Auburn General Services Administration Complex","2701 C St. SW Auburn, Auburn, WA 98001","Moderna","true","https://www.kingcounty.gov/covid/registration","","","","Drive-through only. Appointments are required in advance. At this time, residents of south King County who 1) are age 75 or older, OR 2) are age 50 or older and cannot live independently, or live with and care for kin, OR 3) are providing care (paid or unpaid) for someone age 50 or older who cannot live independently, can register for an appointment.","","2/19/2021 2:11 PM"
"King","Auburn","Fred Meyer Stores, Auburn","801 Auburn Way North, Auburn, WA 98002","Unknown","true","https://www.fredmeyer.com/rx/guest/get-vaccinated","","","253-931-5584","Appointments are required. Please schedule on our link. If there are no dates listed, all appointments have been filled. Please check back at a later date. Please do not call the pharmacy to inquire about additional dates. The website will be updated as we receive additional vaccine doses.","","2/12/2021 5:09 PM"
"King","Auburn","Multicare - Auburn Business Center","1002 15th St. SW, Suite 110, Auburn, WA 98001","Unknown","true","","https://www.multicare.org/covid19/vaccine/","","","Appointments are required and are in high demand. Visit our COVID-19 vaccine page for the latest updates and scheduling information.","","2/13/2021 10:03 AM"
"King","Bellevue","NORTHWEST CLINICAL RESEARCH CENTER","1951 152nd Place NE Suite, Bellevue, WA 98007","Unknown","false","https://calendly.com/nwcrc_covidvaccine/covid-19-vaccination","","covidvaccine@nwcrc.net","","Please schedule an a vaccine appointment on the scheduler (provided website link). If there are any questions, please email us at covidvaccine@nwcrc.net. Due to the large volume, we will not be answering phone calls. All questions have to be sent to the email that is provided.","","2/20/2021 10:40 AM"
"King","Bellevue","Overlake Medical Center","1035 116th Ave NE, Bellevue, WA 98004","Unknown","false","","","","","","","2/20/2021 5:18 PM"
"King","Bellevue","SAFEWAY #27-1600","300 Bellevue Way NE, Bellevue, WA 98004","Unknown","true","https://kordinator.mhealthcoach.net/vcl/SafewayPharmacyBellevue","","","","Appointments are required. Please visit our link to schedule. If there are no dates listed, all appointments have been filled. Please check back at a later date. Please do not call the pharmacy to inquire about additional dates. The website will be updated as we receive additional vaccine doses.","","2/3/2021 11:58 AM"
"King","Burien","Fred Meyer Stores, Burien","14300 First Avenue South, Burien, WA 98168","Unknown","true","https://www.fredmeyer.com/rx/guest/get-vaccinated","","","206-433-6446","Appointments are required. Please schedule on our link. If there are no dates listed, all appointments have been filled. Please check back at a later date. Please do not call the pharmacy to inquire about additional dates. The website will be updated as we receive additional vaccine doses.","","2/11/2021 4:07 PM"
"King","Burien","St. Anne Hospital","16251 Sylvester Rd SW, Burien, WA 98166","Unknown","false","","https://www.chifranciscan.org/patients-and-visitors/covid-19/vaccine-information.html","","","Vaccine is provided by appointment only. Please visit our website to schedule an appointment If you have questions please call: 253-792-2385 8-4:30 seven days a week.","","2/21/2021 8:14 AM"
"King","Covington","COVINGTON COSTCO","27520 Covington Way SE, Covington, WA 98042","Unknown","false","https://book-costcopharmacy.appointment-plus.com/ctxyd41v/?&e_id=4989","","","","Appointments are required. Please schedule on our link. If there are no dates listed, all appointments have been filled. Please check back at a later date. Please do not call the pharmacy to inquire about additional dates. The website will be updated as we receive additional vaccine doses.","","2/21/2021 9:25 AM"
"King","Covington","FRED MEYER PHARMACY 70100053","16735 SE 272nd St, Covington, WA 98042","Unknown","true","https://www.fredmeyer.com/rx/guest/get-vaccinated","","","253-639-7433","Appointments are required. Please schedule on our link. If there are no dates listed, all appointments have been filled. Please check back at a later date. Please do not call the pharmacy to inquire about additional dates. The website will be updated as we receive additional vaccine doses.","","2/17/2021 9:01 AM"
"King","Enumclaw","Franciscan Health St. Elizabeth Hospital","1455 Battersby Ave, Enumclaw, WA 98022","Unknown","false","","https://www.chifranciscan.org/patients-and-visitors/covid-19/vaccine-information.html","","","Vaccine is provided by appointment only. Please visit our website to schedule an appointment. If you have questions please call: 253-792-2385 8-4:30 seven days a week.","","2/21/2021 8:19 AM"
"King","Federal Way","Franciscan Health St. Francis Hospital","34515 9th Ave S, Federal Way, WA 98003","Unknown","false","","https://www.chifranciscan.org/patients-and-visitors/covid-19/vaccine-information.html","","","Vaccine is provided by appointment only. Please visit: our website to schedule an appointment. If you have questions please call: 253-792-2385 8-4:30 seven days a week.","","2/21/2021 8:21 AM"
"King","Federal Way","FRED MEYER PHARMACY 70100111","33702 21st Ave SW, Federal Way, WA 98023","Unknown","true","https://www.fredmeyer.com/rx/guest/get-vaccinated","","","253-952-0133","Appointments are required. Please schedule on our link. If there are no dates listed, all appointments have been filled. Please check back at a later date. Please do not call the pharmacy to inquire about additional dates. The website will be updated as we receive additional vaccine doses.","","1/30/2021 9:58 AM"
"King","Federalway","FEDERALWAY COSTCO","35100 Enchanted Parkway S., Federalway, WA 98003","Unknown","false","https://book-costcopharmacy.appointment-plus.com/ctx6gxv6/?&e_id=5031","","","","Appointments are required. Please schedule on our link. If there are no dates listed, all appointments have been filled. Please check back at a later date. Please do not call the pharmacy to inquire about additional dates. The website will be updated as we receive additional vaccine doses.","","2/21/2021 9:08 AM"
"King","Issaquah","ISSAQUAH COSTCO","1801 10th Ave Northwest, Issaquah, WA 98027","Unknown","false","https://book-costcopharmacy.appointment-plus.com/ctxq8qyy/?&e_id=5061","","","","Appointments are required. Please schedule on our link. If there are no dates listed, all appointments have been filled. Please check back at a later date. Please do not call the pharmacy to inquire about additional dates. The website will be updated as we receive additional vaccine doses.","","2/21/2021 9:22 AM"
"King","Kent","FRED MEYER PHARMACY 70100172","10201 SE 240th, Kent, WA 98031","Unknown","true","https://www.fredmeyer.com/rx/guest/get-vaccinated","","","253-859-5533","Appointments are required. Please schedule on our link. If there are no dates listed, all appointments have been filled. Please check back at a later date. Please do not call the pharmacy to inquire about additional dates. The website will be updated as we receive additional vaccine doses.","","2/16/2021 8:14 PM"
"King","Kent","Fred Meyer Stores, Redondo","25250 Pacific Hwy South, Kent, WA 98032","Unknown","true","https://www.fredmeyer.com/rx/guest/get-vaccinated","","","","Appointments are required. Please schedule on our link. If there are no dates listed, all appointments have been filled. Please check back at a later date. Please do not call the pharmacy to inquire about additional dates. The website will be updated as we receive additional vaccine doses.","","2/11/2021 5:41 PM"
"King","Kent","Kent accesso ShoWare Center","625 W James St, Kent, WA 98032","Moderna","true","https://www.kingcounty.gov/covid/registration","","","","Appointments are required in advance. At this time, residents of south King County who 1) are age 75 or older, OR 2) are age 50 or older and cannot live independently, or live with and care for kin, OR 3) are providing care (paid or unpaid) for someone age 50 or older who cannot live independently, can register for an appointment.","","2/19/2021 2:13 PM"
"King","Kent","KENT FAMILY PRACTICE","24604 104th Ave SE, #201, Kent, WA 98030","Unknown","false","https://www.kentfamilyclinic.com/","","admin@kentfamilyclinic.com","(253)854-9799","Schedule online for a guaranteed vaccination appointment. Callers and walk-ins first come first serve.","","2/10/2021 8:55 AM"
"King","Kent","ONESTOP MEDICAL CLINIC","1314 Central Ave S, #102, Kent, WA 98032","Unknown","true","","","covid.onestop@gmail.com","","We will update our website, once we are allocated COVID19 Pfizer/ Moderna Primary (Dose 1) and Pfizer Booster (Dose 2) vaccines. We will keep you posted by email. We ask that for everyone’s safety, please do not visit our clinic without an appointment. Please do not call us to inquire about COVID19 Vaccine as we are experiencing extremely high call volumes. We appreciate your patience","","2/17/2021 1:18 AM"
"King","Kent","SAFEWAY #27-1294","210 Washington Ave S, Kent, WA 98032","Unknown","true","https://kordinator.mhealthcoach.net/vcl/SafewayPharmacyKent","","","","Appointments are required. Please schedule on our website. If there are no dates listed, all appointments have been filled. Please check back at a later date. Please do not call the pharmacy to inquire about additional dates. The website will be updated as we receive additional vaccine doses.","","2/3/2021 11:05 AM"
"King","Kirkland","KIRKLAND COSTCO","8629 120th Ave NE, Kirkland, WA 98033","Unknown","false","https://book-costcopharmacy.appointment-plus.com/ctx5cjym/?&e_id=5003","","","","Appointments are required. Please schedule on our link. If there are no dates listed, all appointments have been filled. Please check back at a later date. Please do not call the pharmacy to inquire about additional dates. The website will be updated as we receive additional vaccine doses.","","2/21/2021 9:10 AM"
"King","Maple Valley","Fred Meyer Stores, Maple Valley","26520 Maple Valley Black Diamond Rd SE, Maple Valley, WA 98038","Unknown","true","https://www.fredmeyer.com/rx/guest/get-vaccinated","","","425-433-2333","Appointments are required. Please schedule on our link. If there are no dates listed, all appointments have been filled. Please check back at a later date. Please do not call the pharmacy to inquire about additional dates. The website will be updated as we receive additional vaccine doses.","","2/11/2021 6:02 PM"
"King","Mercer Island","LAKE WASHINGTON INTERNAL MEDICINE","8015 SE 28th St Ste 310, Mercer Island, WA 98040","Unknown","false","https://www.lwimclinic.com","http://www.lwimclinic.com","vaccines@lwimclinic.com","","Please visit our website for the latest information on scheduling and vaccine availability. Email us if you have questions.","No Walk-in","2/20/2021 7:47 PM"
"King","Newcastle","SAFEWAY #27-0558","6911 Coal Creek Pkwy, Newcastle, WA 98056","Unknown","true","https://kordinator.mhealthcoach.net/vcl/NewcastleSafeway","","","","Appointments are required. Please schedule on our website. If there are no dates listed, all appointments have been filled. Please check back at a later date. Please do not call the pharmacy to inquire about additional dates. The website will be updated as we receive additional vaccine doses.","","2/3/2021 10:58 AM"
"King","North Bend","SAFEWAY #27-1528","460 SW Mt Si Blvd, North Bend, WA 98045","Unknown","true","https://kordinator.mhealthcoach.net/vcl/SafewayPharmacyNorthBend","","","","Appointments are required. Please schedule on our website. If there are no dates listed, all appointments have been filled. Please check back at a later date. Please do not call the pharmacy to inquire about additional dates. The website will be updated as we receive additional vaccine doses.","","2/3/2021 11:22 AM"
"King","Redmond","GHISLAINE ROBERT, MD","8630 164th Ave NE Suite 20, Redmond, WA 98052","Unknown","true","","","CovidSportsMD@GMAIL.COM","","We do not currently have the vaccine at our office. Please email our office at CovidSportsMD@GMAIL.COM to be placed on the list. We will need your name, a phone number and eligibility to be included with the email. Once we receive the vaccine we will be scheduling eligible people based on the order received. Please do not call our office to inquire about additional dates.","","2/17/2021 7:20 PM"
"King","Redmond","REDMOND COSTCO","7725 188th Avenue NE, Redmond, WA 98052","Unknown","false","https://book-costcopharmacy.appointment-plus.com/ctx9e07c/?&e_id=4995","","","","Appointments are required. Please schedule on our link. If there are no dates listed, all appointments have been filled. Please check back at a later date. Please do not call the pharmacy to inquire about additional dates. The website will be updated as we receive additional vaccine doses.","","2/21/2021 9:15 AM"
"King","Renton","FRED MEYER PHARMACY 70100031","17801 108th Ave SE, Renton, WA 98055","Unknown","true","https://www.fredmeyer.com/rx/guest/get-vaccinated","","","425-235-5383","Appointments are required. Please schedule on our link. If there are no dates listed, all appointments have been filled. Please check back at a later date. Please do not call the pharmacy to inquire about additional dates. The website will be updated as we receive additional vaccine doses.","","2/15/2021 8:51 AM"
"King","Renton","RENTON FAMILY PRACTICE","4300 Talbot Rd S, #103, Renton, WA 98055","Unknown","false","","https://Rentonfamilypractice.com","admin@kentfamilyclinic.com","","APPOINTMENT REQUIRED, Schedule online. No walk-ins, email, or calls please.","","2/10/2021 8:54 AM"
"King","Renton","UW Medicine/Valley Medical Center","400 S. 43rd Street, Renton, WA 98055","Unknown","false","","https://www.valleymed.org/COVID-19_Vaccine/","","(425) 690-3630","Due to low inventory, we are unable to schedule appointments at this time.","","2/21/2021 2:21 PM"
"King","Renton","FRED MEYER PHARMACY 70100459","365 Renton Center Way SW, Renton, WA 98057","Unknown","true","https://www.fredmeyer.com/rx/guest/get-vaccinated","","","425-204-5233","Appointments are required. Please schedule on our link. If there are no dates listed, all appointments have been filled. Please check back at a later date. Please do not call the pharmacy to inquire about additional dates. The website will be updated as we receive additional vaccine doses.","","2/16/2021 8:06 PM"
"King","Seattle","Fred Hutchinson Cancer Research Center","1100 Fairview Ave N, Seattle, WA 98109","Unknown","false","https://www.solvhealth.com/book-online/AM8450","","","","","","2/20/2021 8:24 PM"
"King","Seattle","GREENLAKE PRIMARY CARE","6800 E. Green Lake Way N, Seattle, WA 98115","Unknown","false","","","covidvaxinfo@greenlakeprimarycare.com","","","","2/17/2021 7:21 PM"
"King","Seattle","HOLLY PARK","3815 S Othello St, Seattle, WA 98118","Unknown","true","https://www.ichs.com/appointment-for-the-covid-vaccine/","","covidvaccination@ichs.com","","We are currently vaccinating Phase 1A and 1B. Please visit our website to schedule an appointment.","","2/19/2021 10:03 AM"
"King","Seattle","ONE SKY FAMILY MEDICINE","6327 22nd Ave NE, Seattle, WA 98115","Unknown","false","","https://www.oneskyfamilymedicine.com","hello@oneskyfamilymedicine.sprucecare.com","","","","2/20/2021 11:56 AM"
"King","Seattle","QFC PHARMACY 70500999","4550 42nd Ave. SW, Seattle, WA 98116","Unknown","false","https://www.qfc.com/rx/guest/get-vaccinated","","","","Appointments are required. If there are no spots left on the scheduling link, all appointment times have been filled. We will add more appointments when we receive more vaccine.","","2/17/2021 7:21 PM"
"King","Seattle","SAFEWAY #27-1477","1423 NW Market St, Seattle, WA 98107","Unknown","true","https://kordinator.mhealthcoach.net/vcl/SafewayPharmacyBallard","","","","Appointments are required. Please schedule on our website. If there are no dates listed, all appointments have been filled. Please check back at a later date. Please do not call the pharmacy to inquire about additional dates. The website will be updated as we receive additional vaccine doses.","","2/3/2021 11:18 AM"
"King","Seattle","SAFEWAY #27-1508","3820 Rainier Ave S, Seattle, WA 98118","Unknown","true","https://kordinator.mhealthcoach.net/vcl/SafewayPharmacyRainier","","","","Appointments are required. Please schedule on our website at https://kordinator.mhealthcoach.net/vcl/SafewayPharmacyRainier. If there are no dates listed, all appointments have been filled. Please check back at a later date. Please do not call the pharmacy to inquire about additional dates. The website will be updated as we receive additional vaccine doses.","","2/3/2021 11:20 AM"
"King","Seattle","SAFEWAY #27-1993","2201 E Madison St, Seattle, WA 98112","Unknown","true","https://www.mhealthcheckin.com","","","","Appointments are required. Please schedule on our website at https://www.mhealthcheckin.com. If there are no dates listed, all appointments have been filled. Please check back at a later date. Please do not call the pharmacy to inquire about additional dates. The website will be updated as we receive additional vaccine doses.","","2/3/2021 11:29 AM"
"King","Seattle","Seattle Childrens","4800 Sand Point Way NE, Seattle, WA 98105","Unknown","false","","https://www.seattlechildrens.org/","","","","","2/21/2021 11:28 AM"
"King","Seattle","SEATTLE INFECTIOUS DISEASE CLINIC","509 Olive Way Suite 752, Seattle, WA 98101","Unknown","true","https://www.seattleidc.com/covid-vaccine.html","https://www.seattleidc.com/covid-vaccine.html","","(206) 682-3444","We will list vaccine availability and contacts on the website.","By appointment only currently","2/19/2021 9:21 AM"
"King","Seattle","Swedish First Hill","747 Broadway, Seattle, WA 98122","Unknown","false","","https://covidvaccineseattle.org/","","","","","2/21/2021 1:46 PM"
"King","Seattle","Virginia Mason Medical Center","925 Seneca St., Seattle, WA 98101","Unknown","false","","https://www.virginiamason.org/vaccinewaitlist","","","Please visit: Vaccine Wait List Registration on our website.","","2/19/2021 8:06 AM"
"King","Seattle","AURORA VILLAGE COSTCO","1175 North 205th Street, Seattle, WA 98133","Unknown","false","https://book-costcopharmacy.appointment-plus.com/ctxymp9s/?&e_id=4997","","","","Appointments are required. Please schedule on our link. If there are no dates listed, all appointments have been filled. Please check back at a later date. Please do not call the pharmacy to inquire about additional dates. The website will be updated as we receive additional vaccine doses.","","2/21/2021 9:03 AM"
"King","Seattle","SEATTLE COSTCO","4401 Fourth Ave S., Seattle, WA 98134","Unknown","false","https://book-costcopharmacy.appointment-plus.com/ctx5hetv/?&e_id=4935","","","","Appointments are required. Please schedule on our link. If there are no dates listed, all appointments have been filled. Please check back at a later date. Please do not call the pharmacy to inquire about additional dates. The website will be updated as we receive additional vaccine doses.","","2/21/2021 9:15 AM"
"King","Snoqualmie","Snoqualmie Valley Hospital","9801 Frontier Ave SE, Snoqualmie, WA 98065","Unknown","true","https://www.solvhealth.com/book-online/A4yalp.","https://snoqualmiehospital.org/","OccupationalHealth@SnoqualmieHospital.org","(425) 831-2300","Go to https://snoqualmiehospital.org/ to self-schedule","None","2/21/2021 9:16 AM"
"King","Tukwila","TUKWILA COSTCO","400 Costco Drive, Tukwila, WA 98188","Unknown","false","https://book-costcopharmacy.appointment-plus.com/ctx5myxq/?&e_id=4975","","","","Appointments are required. Please schedule on our link. If there are no dates listed, all appointments have been filled. Please check back at a later date. Please do not call the pharmacy to inquire about additional dates. The website will be updated as we receive additional vaccine doses.","","2/21/2021 9:18 AM"
"King","Vashon","VASHON NATURAL MEDICINE","19330 Vashon Hwy SW, Vashon, WA 98070","Unknown","false","","https://vashonnaturalmed.com","vashonnaturalmedicine@gmail.com","(206) 463-4778","email or call","","2/17/2021 7:21 PM"
"King","Woodinville","HAGGEN PHARMACY #3498","17641 Garden Way NE, Woodinville, WA 98072","Unknown","true","https://kordinator.mhealthcoach.net/vcl/HaggenPharmacyWoodinville","","","","Appointments are required. Please schedule on our website. If there are no dates listed, all appointments have been filled. Please check back at a later date. Please do not call the pharmacy to inquire about additional dates. The website will be updated as we receive additional vaccine doses.","","2/3/2021 9:12 PM"
"King","Woodinville","WOODINVILLE COSTCO","24008 Snohomish-wdville Rd, Woodinville, WA 98072","Unknown","false","https://book-costcopharmacy.appointment-plus.com/ctx8554q/?&e_id=4979","","","","Appointments are required. Please schedule on our link. If there are no dates listed, all appointments have been filled. Please check back at a later date. Please do not call the pharmacy to inquire about additional dates. The website will be updated as we receive additional vaccine doses.","","2/21/2021 9:21 AM"
"Kitsap","Bainbridge Island","Bainbridge Island Senior Center","370 Brien Dr SE, Bainbridge Island, WA 98110","Unknown","true","https://www.bainbridgewa.gov/1264/COVID-19-Vaccine-Information","","","","Vaccination clinic run by Bainbridge Island Community Pharmacy, City of Bainbridge Island, Bainbridge Island Fire Department and Bainbridge Prepares. Appointments are required. For more information, click here. Please do not call the Senior Center about vaccination dates. Please instead check the link above for appointment dates.","","2/17/2021 12:46 PM"
"Kitsap","Bremerton","St. Michael Medical Center Bremerton","2520 Cherry Ave, Bremerton, WA 98310","Unknown","true","","http://kcowa.us/vaccine","","","Vaccination clinic run jointly by Kitsap Public Health District, Kitsap County Emergency Operations Center, and other partners. For more information, including dates and registration process, visit: http://kcowa.us/vaccine","","2/17/2021 7:20 PM"
"Kitsap","Bremerton","The Gateway Center","2525 6th Street, Bremerton, WA 98312","Unknown","true","https://www.pchsweb.org/","","","360-475-3099","Vaccination clinic run by Peninsula Community Health Services. Appointments are required. Please schedule at our website using this link. Individuals without internet access can call 360-475-3099.","","2/17/2021 12:23 PM"
"Kitsap","Bremerton","FRED MEYER PHARMACY 70100171","5050 State Hwy 303 NE, Bremerton, WA 98311","Unknown","false","","","","","","","2/20/2021 10:27 AM"
"Kitsap","Poulsbo","SAFEWAY PHARMACY #3148","19245 10th Ave NE, Poulsbo, WA 98370","Unknown","true","https://kordinator.mhealthcoach.net/vcl/SafewayPharmacyPoulsbo","","","","Appointments are required. If there are no spots left on the scheduling link, all appointment times have been filled. We will add more appointments when we receive more vaccine.","","2/3/2021 11:30 AM"
"Kitsap","Silverdale","St. Michael Medical Center Silverdale","1800 NW Myhre Rd, Silverdale, WA 98383","Unknown","false","","https://www.chifranciscan.org/patients-and-visitors/covid-19/vaccine-information.html","","","Vaccine is provided by appointment only. Please visit: COVID 19 Vaccine to schedule an appointment If you have questions please call: 253-792-2385 8-4:30 seven days a week.","","2/21/2021 8:25 AM"
"Kitsap","Silverdale","SILVERDALE COSTCO","10000 Mickelberry Road NW, Silverdale, WA 98383","Unknown","false","https://book-costcopharmacy.appointment-plus.com/ctx5r67s/?&e_id=5025","","","","Appointments are required. Please schedule using this link. If there are no dates listed, all appointments have been filled. Please check back at a later date. Please do not call the pharmacy to inquire about additional dates. The website will be updated as we receive additional vaccine doses.","","2/21/2021 9:17 AM"
"Kittitas","Cle Elum","Cle Elum Centennial Center","719 E. 3rd Street, Cle Elum, WA 98926","Unknown","true","https://www.co.kittitas.wa.us/health/default.aspx","","","","APPOINTMENTS ARE REQUIRED. To schedule visit our website","","2/19/2021 2:38 PM"
"Kittitas","Ellensburg","Kittitas Valley Events Center","901 E. 7th Avenue, Ellensburg, WA 98926","Unknown","true","https://www.co.kittitas.wa.us/health/default.aspx","","","","APPOINTMENTS ARE REQUIRED. To schedule visit our link","","2/13/2021 9:53 AM"
"Kittitas","Ellensburg","Kittitas Valley Healthcare","603 S. Chestnut St., Ellensburg, WA 98926","Unknown","false","https://www.co.kittitas.wa.us/health/","https://www.co.kittitas.wa.us/health/","CovidVaccineScheduling@kvhealthcare.org","(509) 933-8315","A waitlist is available via the Kittitas County Public Health website.","All vaccines are by appointment only","2/21/2021 10:31 AM"
"Kittitas","Ellensburg","SAFEWAY #27-1630","400 N Ruby St, Ellensburg, WA 98926","Unknown","true","https://kordinator.mhealthcoach.net/vcl/SafewayPharmacyEllensburg","","","","Appointments are required. If there are no spots left on the scheduling link, all appointment times have been filled. We will add more appointments when we receive more vaccine.","","2/3/2021 11:25 AM"
"Kittitas","Ellensburg","FRED MEYER PHARMACY 70100652","201 S Water St, Ellensburg, WA 98926","Unknown","true","https://www.fredmeyer.com/rx/guest/get-vaccinated","","","509-962-0533","Appointments are required. Please schedule on our link. If there are no dates listed, all appointments have been filled. Please check back at a later date. Please do not call the pharmacy to inquire about additional dates. The website will be updated as we receive additional vaccine doses.","","2/11/2021 8:57 AM"
"Klickitat","Goldendale","KCHD-Goldendale","228 W Main St # Msch14, Goldendale, WA 98620","Moderna","true","","","","(509) 773-4565","Please call to schedule an appt.","No walk-ins","2/20/2021 5:38 PM"
"Klickitat","Goldendale","Klickitat Valley Health","310 S Roosevelt, Goldendale, WA 98620","Unknown","false","","http://www.kvhealth.net/index.php/kvh/pages/covid-19-vaccine-information","","(509) 773-4029","Currently making a wait list for appointments for Klickitat County Residents in the current approved phase for vaccination only. Please go to FindYourPhaseWa.org and fill out the questionnaire, if you are eligible to receive the vaccine, you will get a confirmation. Once you have received confirmation that you are eligible, please call the KVH COVID-19 Hotline at (509) 773-4029 to be added to the wait list. The phone lines are open Monday-Friday from 8 a.m. to 4 p.m.","No walk-in Clinic at this time","2/21/2021 7:42 AM"
"Klickitat","White Salmon","KCHD-White Salmon","501 NE Washington St, White Salmon, WA 98672","Unknown","true","","","","(509) 493-1558","Please call to schedule an appt.","No walk-ins","2/20/2021 5:37 PM"
"Klickitat","White Salmon","NORTHSHORE MEDICAL GROUP - WS","65371 Hwy 14, White Salmon, WA 98672","Unknown","false","","https://Northshore-medical.com","","(509) 493-2133","call","","2/20/2021 1:03 PM"
"Klickitat","White Salmon","Skyline Hospital","211 Skyline Drive, White Salmon, WA 98672","Unknown","false","","http://myskylinehealth.org","","(509) 493-1051","We are only wait-listing people at this time.","","2/21/2021 10:19 AM"
"Lewis","Centralia","PMG SW WA CENTRALIA INT MED","1010 S Scheuber Rd, Centralia, WA 98531","Unknown","false","","","SWPMGCovidVaccineTeam@providence.org","","Please email for an appointment. Do not call or come in to our office to schedule a vaccine appointment. Thank you.","","2/21/2021 1:59 PM"
"Lewis","Centralia","SAFEWAY #27-1495","1129 Harrison Ave, Centralia, WA 98531","Unknown","true","https://kordinator.mhealthcoach.net/vcl/SafewayPharmacyCentralia","","","","Appointments are required. If there are no spots left on the scheduling link, all appointment times have been filled. We will add more appointments when we receive more vaccine.","","2/3/2021 11:19 AM"
"Lewis","Chehalis","Valley View Health Center","2690 NE Kresky Ave, Chehalis, WA 98532","Unknown","false","","","Covidphase@vvhc.org","","email","","2/20/2021 5:10 PM"
"Lewis","Morton","MORTON GENERAL HOSPITAL","521 Adams Avenue, Morton, WA 98356","Unknown","true","","","covidvaccine@myarborhealth.org","360-496-3777","Prioritized for residents or workers within the Lewis County Hospital District #1 and those due for 2nd doses. Vaccines are available by appointment only, and you may be placed on a waitlist at our clinics in Mossyrock, Morton, or Randle. Please call or email for appointments.","","2/17/2021 7:20 PM"
"Lewis","Winlock","VALLEY VIEW HC - WINLOCK","100 Cedar Crest Drive, Winlock, WA 98596","Unknown","false","","","Covidphase@vvhc.org","","email","","2/20/2021 5:08 PM"
"Lincoln","Davenport","North Basin - Davenport","100 3rd Street Suite 1, Davenport, WA 99122","Unknown","true","","","","(509) 725-7501","Only vaccinating phase 1A. Call Reception, let them know you are a 1A individual, ask to be scheduled.","","1/23/2021 10:53 AM"
"Lincoln","Odessa","Odessa Memorial Healthcare Center","502 E Amende Dr., Odessa, WA 99159","Unknown","false","","","oddrug@odessaoffice.com","(509) 982-2541","email or phone call","","2/19/2021 7:21 AM"
"Mason","Shelton","Fred Meyer Stores, Shelton","301 E. Wallace Kneeland Blvd, Shelton, WA 98584","Unknown","true","https://www.fredmeyer.com/rx/guest/get-vaccinated","","","360-432-5373","Appointments are required. Please schedule on our link. If there are no dates listed, all appointments have been filled. Please check back at a later date. Please do not call the pharmacy to inquire about additional dates. The website will be updated as we receive additional vaccine doses.","","2/12/2021 3:15 PM"
"Mason","Shelton","Mason Health","901 Mt. View Drive, Shelton, WA 98584","Unknown","false","","https://www.masongeneral.com//about/covid-19","covidvaccine@masongeneral.com","(360) 432-3286","We are currently vaccinating individuals who qualify for Washington’s Phase 1A and Phase B1. Due to limited supply, all of our schedules are currently full. Please check this website regularly for updates.","No walk in appointments available. By appointment only.","2/21/2021 8:50 AM"
"Okanogan","Brewster","FHC BREWSTER JAY AVE MEDICAL","525 W Jay Avenue, Brewster, WA 98812","Moderna","false","https://myfamilyhealth.org/covid-vaccine/","","info@fhc.us","(800) 660-2129","Please complete the vaccine sign up form on website.","","2/20/2021 6:51 PM"
"Okanogan","Omak","OMAK CLINIC","916 Koala Dr., Omak, WA 98841","Unknown","false","","https://www.confluencehealth.org/","","","","","2/20/2021 9:54 AM"
"Okanogan","Omak","FAMILY HEALTH CENTERS OMAK","1003 Koala Ave, Omak, WA 98841","Unknown","false","https://myfamilyhealth.org/covid-vaccine/","","info@fhc.us","(800) 660-2129","Please complete the vaccine sign up form on website","","2/21/2021 7:28 AM"
"Okanogan","Tonasket","North Valley Hospital","203 S Western Ave, Tonasket, WA 98855","Unknown","true","https://www.nvhospital.org/covid-19","https://www.nvhospital.org","johnmcreynolds@nvhospital.org","(509) 486-3191","Spanish Language available. Please utilize online registration through website.","No walk-in available, by appointment only.","2/20/2021 6:18 PM"
"Okanogan","Twisp","FHC Twisp","541 W 2nd Ave, Twisp, WA 98856","Unknown","true","https://myfamilyhealth.org/covid-vaccine/","","info@fhc.us","(800) 660-2129","Please sign up for the vaccine on our portal","","2/19/2021 5:23 PM"
"Pacific","Ilwaco","Ocean Beach Hospital","174 1st Ave N, Ilwaco, WA 98624","Unknown","false","","http://PACIFIC COUNTY COVID-19 NEWS & RESOURCES - HOME","","","PACIFIC COUNTY COVID-19 NEWS & RESOURCES - HOME","","2/21/2021 12:15 PM"
"Pacific","Raymond","VALLEY VIEW HC - RAYMOND","300 Ocean Ave, Raymond, WA 98577","Unknown","false","","https://vvhc.org","Covidphase@vvhc.org","","email","","2/20/2021 5:09 PM"
"Pend Oreille","Newport","SAFEWAY #27-1159","121 W Walnut St, Newport, WA 99156","Unknown","true","https://kordinator.mhealthcoach.net/vcl/SafewayPharmacyNewport","","","","Appointments are required. If there are no spots left on the scheduling link, all appointment times have been filled. We will add more appointments when we receive more vaccine.","","2/2/2021 8:07 AM"
"Pierce","Bonney Lake","BONNEY LAKE COSTCO","9801 204th Ave E, Bonney Lake, WA 98391","Unknown","false","https://book-costcopharmacy.appointment-plus.com/ctx9nlzg/?&e_id=5001","","","","Appointments are required. Please schedule on our link. If there are no dates listed, all appointments have been filled. Please check back at a later date. Please do not call the pharmacy to inquire about additional dates. The website will be updated as we receive additional vaccine doses.","","2/21/2021 9:04 AM"
"Pierce","Bonney Lake","Fred Meyer Pharmacy 70100041","20904 Highway 410, Bonney Lake, WA 98391","Unknown","true","https://www.fredmeyer.com/rx/guest/get-vaccinated","","","253-891-7333","Appointments are required. Please schedule on our link. If there are no dates listed, all appointments have been filled. Please check back at a later date. Please do not call the pharmacy to inquire about additional dates. The website will be updated as we receive additional vaccine doses.","","2/10/2021 8:52 AM"
"Pierce","Bonney Lake","SAFEWAY #27-0544","21301 WA-410, Bonney Lake, WA 98391","Unknown","true","https://kordinator.mhealthcoach.net/vcl/SafewayPharmacyBonneyLake","","","","Appointments are required. Please schedule on our website. If there are no dates listed, all appointments have been filled. Please check back at a later date. Please do not call the pharmacy to inquire about additional dates. The website will be updated as we receive additional vaccine doses.","","2/3/2021 11:59 AM"
"Pierce","Eatonville","KIRK'S PHARMACY EATONVILLE","104 Mashell Ave N, Eatonville, WA 98328","Unknown","true","http://www.kirkspharmacy.com/covid-19","https://kirkspharmacy.com","covid19@kirkspharmacy.com","(360) 832-3121","Please schedule appointments for first and second doses on our website.","","2/20/2021 5:08 PM"
"Pierce","Fircrest","UNIVERSITY PLACE PEDIATRIC CLINIC","1033 Regents Blvd Suite 10, Fircrest, WA 98466","Unknown","false","","https://uppediatrics.com","nurse@uppediatrics.com","(253) 564-1115","Go to our website and click in the COVID-19 link","","2/19/2021 8:51 AM"
"Pierce","Gig Harbor","Franciscan Health St. Anthony Hospital","11567 Canterwood Blvd, Gig Harbor, WA 98332","Unknown","false","","https://www.chifranciscan.org/patients-and-visitors/covid-19/vaccine-information.html","","","Vaccine is provided by appointment only. Please visit our website to schedule an appointment If you have questions please call: 253-792-2385 8-4:30 seven days a week.","","2/21/2021 8:07 AM"
"Pierce","Gig Harbor","FRED MEYER PHARMACY 70100691","5502 Point Fosdick Drive, Gig Harbor, WA 98335","Unknown","true","https://www.fredmeyer.com/rx/guest/get-vaccinated","","","253-432-8830","Appointments are required. Please schedule on our link. If there are no dates listed, all appointments have been filled. Please check back at a later date. Please do not call the pharmacy to inquire about additional dates. The website will be updated as we receive additional vaccine doses.","","1/30/2021 10:09 AM"
"Pierce","Gig Harbor","GIG HARBOR COSTCO","10990 Harbor Hill Dr, Gig Harbor, WA 98335","Unknown","false","https://book-costcopharmacy.appointment-plus.com/ctxc6g1g/?&e_id=5043","","","","Appointments are required. Please schedule on our link. If there are no dates listed, all appointments have been filled. Please check back at a later date. Please do not call the pharmacy to inquire about additional dates. The website will be updated as we receive additional vaccine doses.","","2/21/2021 9:08 AM"
"Pierce","Lakewood","Franciscan Health St. Clare Hospital","11315 Bridgeport Way SW, Lakewood, WA 98449","Unknown","false","","https://www.chifranciscan.org/patients-and-visitors/covid-19/vaccine-information.html","","","Vaccine is provided by appointment only. Please visit: our website to schedule an appointment If you have questions please call: 253-792-2385 8-4:30 seven days a week.","","2/21/2021 8:17 AM"
"Pierce","Lakewood","SAFEWAY #27-1645","10223 Gravelly Lake Dr SW, Lakewood, WA 98499","Unknown","true","https://kordinator.mhealthcoach.net/vcl/SafewayPharmacyLakewood","","","","Appointments are required. If there are no spots left on the scheduling link, all appointment times have been filled. We will add more appointments when we receive more vaccine.","","2/3/2021 8:18 PM"
"Pierce","Orting","MEDICAL CENTER OF ORTING","122 Washington Ave S, Orting, WA 98360","Unknown","false","","https://ortingfamilypractice.com/","ortingclinic@outlook.com","","APPOINTMENT REQUIRED, Schedule online. No walk-ins, email, or calls please","","2/4/2021 2:00 PM"
"Pierce","Puyallup","ALBERTSON'S PHARMACY #3106","11012 Canyon Rd E, Puyallup, WA 98373","Unknown","true","https://kordinator.mhealthcoach.net/vcl/SavonPharmacyPuyallup","","","","Appointments are required. If there are no spots left on the scheduling link, all appointment times have been filled. We will add more appointments when we receive more vaccine.","","2/3/2021 8:14 PM"
"Pierce","Puyallup","FRED MEYER PHARMACY 70100424","17404 Meridian E, Puyallup, WA 98375","Unknown","true","https://www.fredmeyer.com/rx/guest/get-vaccinated","","","253-445-7873","Appointments are required. Please schedule on our link. If there are no dates listed, all appointments have been filled. Please check back at a later date. Please do not call the pharmacy to inquire about additional dates. The website will be updated as we receive additional vaccine doses.","","2/16/2021 9:25 AM"
"Pierce","Puyallup","FRED MEYER PHARMACY 70100265","1100 N Meridian, Puyallup, WA 98371","Unknown","true","https://www.fredmeyer.com/rx/guest/get-vaccinated","https://www.fredmeyer.com/rx/guest/get-vaccinated","","253-840-8183","Appointments are required. Please schedule on our link. If there are no dates listed, all appointments have been filled. Please check back at a later date. Please do not call the pharmacy to inquire about additional dates. The website will be updated as we receive additional vaccine doses.","","2/12/2021 5:30 PM"
"Pierce","Puyallup","PUYALLUP COSTCO","1201 39th Ave. SW, Puyallup, WA 98373","Unknown","false","https://book-costcopharmacy.appointment-plus.com/ctxdyzz0/?&e_id=5055","","","","Appointments are required. Please schedule on our link. If there are no dates listed, all appointments have been filled. Please check back at a later date. Please do not call the pharmacy to inquire about additional dates. The website will be updated as we receive additional vaccine doses.","","2/21/2021 9:14 AM"
"Pierce","Spanaway","FRED MEYER PHARMACY 70100604","22303 Mountain Hwy E, Spanaway, WA 98387","Unknown","false","https://www.fredmeyer.com/rx/guest/get-vaccinated","","","(253) 875-4033","Appointments are required. Please schedule on our link. If there are no dates listed, all appointments have been filled. Please check back at a later date. Please do not call the pharmacy to inquire about additional dates. The website will be updated as we receive additional vaccine doses.","","2/21/2021 10:53 AM"
"Pierce","Sumner","FRED MEYER PHARMACY 70100665","1201 Valley Ave E, Sumner, WA 98390","Unknown","true","https://www.fredmeyer.com/rx/guest/get-vaccinated","","","(253) 826-8433","Appointments are required. Please schedule on our link. If there are no dates listed, all appointments have been filled. Please check back at a later date. Please do not call the pharmacy to inquire about additional dates. The website will be updated as we receive additional vaccine doses.","","2/21/2021 12:36 PM"
"Pierce","Tacoma","ACTS PHARMACY AND HEALTHCARE SERVICES","1901 S Union Ave, Bldg B Suite 2011, Tacoma, WA 98405","Unknown","true","https://www.actspharmacy.com/covid-19-vaccine","","","","Vaccines are provided by appointment. Visit our COVID-19 vaccine link to schedule.","","2/13/2021 1:36 PM"
"Pierce","Tacoma","Franciscan Health St. Joseph Medical Center","1717 S. J. St, Tacoma, WA 98405","Unknown","false","","https://www.chifranciscan.org/patients-and-visitors/covid-19/vaccine-information.html","","","Vaccine is provided by appointment only. Please visit: our website to schedule an appointment If you have questions please call: 253-792-2385 8-4:30 seven days a week.","","2/21/2021 8:23 AM"
"Pierce","Tacoma","Fred Meyer Stores, Tacoma Pacific","7250 S. Pacific Ave, Tacoma, WA 98408","Unknown","true","https://www.fredmeyer.com/rx/guest/get-vaccinated","","","253-475-1994","Appointments are required. Please schedule on our link. If there are no dates listed, all appointments have been filled. Please check back at a later date. Please do not call the pharmacy to inquire about additional dates. The website will be updated as we receive additional vaccine doses.","","2/12/2021 4:48 PM"
"Pierce","Tacoma","RANKOS PHARMACY","101 N Tacoma Ave, Tacoma, WA 98403","Unknown","false","","https://hipaa.jotform.com/203478848388171","rankoscovid@gmail.com","(253) 383-2411","Please email to make an appointment.","","2/17/2021 7:20 PM"
"Pierce","Tacoma","Sea Mar - Tacoma Cushman","1112 S. Cushman Ave., Tacoma, WA 98405","Unknown","true","","https://www.seamar.org/covid-vaccine","","","","Check https://www.seamar.org/covid-vaccine.html before going to a clinic to see which sites have vaccine available.","2/12/2021 4:50 PM"
"Pierce","Tacoma","TPCHD","3629 South D Street, Tacoma, WA 98418","Moderna","true","","http://tpchd.org","","","","","2/19/2021 8:16 PM"
"Pierce","Tacoma","VALMED","2702 1/2 N Proctor, Tacoma, WA 98407","Unknown","true","https://www.covid19tacoma.com/pre-register","","","(253) 444-5511","Pre-register through website.","","2/17/2021 7:21 PM"
"Pierce","Tacoma","FRED MEYER PHARMACY 70100390","4505 S 19th, Tacoma, WA 98405","Unknown","true","https://www.fredmeyer.com/rx/guest/get-vaccinated","","","253-752-9110","Appointments are required. Please schedule on our link. If there are no dates listed, all appointments have been filled. Please check back at a later date. Please do not call the pharmacy to inquire about additional dates. The website will be updated as we receive additional vaccine doses.","","2/15/2021 2:12 PM"
"Pierce","Tacoma","FRED MEYER PHARMACY 70100605","6901 S 19th St, Tacoma, WA 98466","Unknown","true","https://www.fredmeyer.com/rx/guest/get-vaccinated","","","253-534-3033","Appointments are required. Please schedule on our link. If there are no dates listed, all appointments have been filled. Please check back at a later date. Please do not call the pharmacy to inquire about additional dates. The website will be updated as we receive additional vaccine doses.","","2/17/2021 11:15 AM"
"Pierce","Tacoma","TACOMA COSTCO","2219 South 37th Street, Tacoma, WA 98409","Unknown","false","https://book-costcopharmacy.appointment-plus.com/ctx8y0ns/?&e_id=4969","","","","Appointments are required. Please schedule on our link. If there are no dates listed, all appointments have been filled. Please check back at a later date. Please do not call the pharmacy to inquire about additional dates. The website will be updated as we receive additional vaccine doses.","","2/21/2021 9:18 AM"
"Pierce","University P","UNIVERSITY PLACE MEDICAL CLINIC","4401 Bridgeport Way W., University P, WA 98466","Unknown","true","","","contact@universityplaceclinic.com","253-328-4088","","","2/1/2021 9:58 AM"
"Pierce","University Place","Fred Meyer Stores, University Place","6305 Bridgeport Way West, University Place, WA 98467","Unknown","true","https://www.fredmeyer.com/rx/guest/get-vaccinated","","","253-460-4033","Appointments are required. Please schedule on our link. If there are no dates listed, all appointments have been filled. Please check back at a later date. Please do not call the pharmacy to inquire about additional dates. The website will be updated as we receive additional vaccine doses.","","2/12/2021 4:52 PM"
"San Juan","Eastsound","Ray's Pharmacy","68 North Beach Road, Eastsound, WA 98245","Unknown","false","","http://na","pharmacy@orcasrx.com","(360) 376-2230","Call and ask to be placed on waitlist and Ray’s will call you when we have vaccine and their is an available appointment.","Not available","2/21/2021 10:03 AM"
"San Juan","Friday Harbo","SJ1","145 Rhone St, Friday Harbo, WA 98250","Moderna","false","","https://www.sanjuanco.com/1737/COVID-Vaccine-Info","","","San Juan County Heath & Community Services is offering COVID-19 immunization clinics on San Juan, Orcas and Lopez Islands. Please visit our website for information on how to schedule an appointment.","","2/18/2021 3:34 PM"
"Skagit","Anacortes","Island Hospital","1211 - 24th Street, Anacortes, WA 98221","Unknown","false","https://www.islandhospital.org/coronavirus/","https://www.islandhospital.org/coronavirus/","covidvaccine.support@islandhospital.org","(360) 299-1367","Appointments are required. Please go to our website to see what we have available.","","2/21/2021 1:39 PM"
"Skagit","Burlington","BURLINGTON WA COSTCO","1725 S. Burlington Blvd, Burlington, WA 98233","Unknown","false","https://book-costcopharmacy.appointment-plus.com/ctxdzb42/?&e_id=5057","","","","Appointments are required. Please schedule on our link. If there are no dates listed, all appointments have been filled. Please check back at a later date. Please do not call the pharmacy to inquire about additional dates. The website will be updated as we receive additional vaccine doses.","","2/21/2021 9:24 AM"
"Skagit","Laconner","La Conner Drug","708 Morris St Po Box 477, Laconner, WA 98257","Moderna","true","https://laconnerdrug.com/pages/covidvaccine/","http://laconnerdrug.com","covidvaccine@islanddrug.com","","Please view website for current info","","2/18/2021 10:08 AM"
"Skagit","Mount Vernon","Skagit County Fairgrounds","1410 Virginia Street, Mount Vernon, WA 98273","Unknown","false","http://www.skagitcounty.net/covidvaccine","http://skagitcounty.net/covidvaccine","","(360) 416-1500","Please stay up to date via our website or by using our vaccine hotline. Call takers are available Monday through Saturday from 8am to 5pm. Spanish language option is available on vaccine hotline.","","2/20/2021 8:34 AM"
"Skagit","Mount Vernon","SKAGIT FAMILY HEALTH CLINIC","916 South Third Street, Mount Vernon, WA 98273","Unknown","false","","http://www.skagitfamilyhealth.com","","(360) 336-5658","","","2/19/2021 4:57 PM"
"Skagit","Mount Vernon","Skagit Regional Health - Vaccine Clinic","425 S 13th Street, Mount Vernon, WA 98274","Unknown","true","https:/www.skagitregionalhealth.org/covid-vaccine","","","","Appointments are required. For vaccine scheduling information, please visit https://www.skagitregionalhealth.org/covid/covid-vaccine​.","","2/13/2021 10:31 AM"
"Skagit","Mt Vernon","HAGGEN PHARMACY #3450","2601 E Division St, Mt Vernon, WA 98274","Unknown","true","https://kordinator.mhealthcoach.net/vcl/HaggenPharmacyMtVernon","","","","Appointments are required. If there are no spots left on the scheduling link, all appointment times have been filled. We will add more appointments when we receive more vaccine.","","2/2/2021 7:57 AM"
"Skagit","Sedro Woolley","Schaffner Pharmacy","1990 Hospital Drive Suite 120, Sedro Woolley, WA 98284","Unknown","true","","https://www.schaffnerpharmacy.com","","","","","2/12/2021 6:55 PM"
"Skamania","Stevenson","NORTHSHORE MED GROUP - STV","875 SW Rock Creek Drive, Stevenson, WA 98648","Unknown","false","","https://Northshore-medical.com","","(509) 493-2133","call","","2/20/2021 1:04 PM"
"Skamania","Stevenson","SKAMANIA COUNTY COMMUNITY HLTH","710 SW Rock Creek Dr, Stevenson, WA 98648","Unknown","false","","","","(509) 427-3861","Please leave a message with required information to get on our interest list - we will call to schedule appointments when it is your phase and vaccine is available","we are not doing walk-in clinics","2/19/2021 8:42 AM"
"Snohomish","Arlington","Arlington Municipal Airport","4299 188th St. NE, Arlington, WA 98223","Unknown","true","https://snohomish-county-coronavirus-response-snoco-gis.hub.arcgis.com/pages/covid-19-vaccine","","","","Appointments required. Visit our webpage to sign up. Appointments have been booking rapidly, and more will be added as we are able.","","2/12/2021 4:14 PM"
"Snohomish","Arlington","ARLINGTON POLICE DEPARTMENT","110 E 3rd Street, Arlington, WA 98223","Pfizer","true","","https://www.snohd.org/564/COVID-Vaccine-Info","","","Drive through mass vaccination; online sign-up link posted the day before on the Snohomish Health District webpage.","","2/19/2021 6:54 PM"
"Snohomish","Arlington","Skagit Regional Clinics - Smokey Point","3823 172nd Street NE, Arlington, WA 98223","Unknown","true","https://www.skagitregionalhealth.org/covid-vaccine","","","","Appointments are required. For vaccine scheduling information, please visit our website​.","","2/13/2021 10:30 AM"
"Snohomish","Everett","Seattle Visiting Nurses Association","Boeing Everett Activity Center 6400 36th Ave W, Everett, WA 98203","Unknown","true","https://schedule.seattlevna.com/home/fbb4a1ad-7e4b-eb11-a813-000d3a3033d3","","","","Visit our website to schedule an appointment.","","2/12/2021 5:04 PM"
"Snohomish","Everett","EVERETT WA COSTCO","10200 19th Ave SE, Everett, WA 98208","Unknown","false","https://book-costcopharmacy.appointment-plus.com/ctxblt4y/?e_id=5019","","","","Appointments are required. Please schedule on our link. If there are no dates listed, all appointments have been filled. Please check back at a later date. Please do not call the pharmacy to inquire about additional dates. The website will be updated as we receive additional vaccine doses.","","2/21/2021 9:23 AM"
"Snohomish","Lynnwood","Seattle Visiting Nurses Association","Edmonds College 20000 68th Ave. W, Lynnwood, WA 98036","Unknown","true","https://schedule.seattlevna.com/home/fbb4a1ad-7e4b-eb11-a813-000d3a3033d3","","","","Visit our website to schedule an appointment.","","2/12/2021 5:04 PM"
"Snohomish","Lynnwood","LYNWOOD COSTCO","18109 33rd Ave W, Lynnwood, WA 98036","Unknown","false","https://book-costcopharmacy.appointment-plus.com/ctx809zv/?&e_id=4981","","","","Appointments are required. Please schedule on our link. If there are no dates listed, all appointments have been filled. Please check back at a later date. Please do not call the pharmacy to inquire about additional dates. The website will be updated as we receive additional vaccine doses.","","2/21/2021 9:11 AM"
"Snohomish","Marysville","MARYSVILLE COSTCO","16616 Twin Lakes Ave., Marysville, WA 98271","Unknown","false","https://book-costcopharmacy.appointment-plus.com/ctxd5jps/?&e_id=5053","","","","Appointments are required. Please schedule on our link. If there are no dates listed, all appointments have been filled. Please check back at a later date. Please do not call the pharmacy to inquire about additional dates. The website will be updated as we receive additional vaccine doses.","","2/21/2021 9:13 AM"
"Snohomish","Mill Creek","MILL CREEK FAMILY PRACTICE","1025 153rd St SE Ste 200, Mill Creek, WA 98012","Unknown","false","","https://www.millcreekfamilypractice.org","gorozco@millcreekfamilypractice.org","425-338-4000","Appointments are required. Please visit our website to schedule. If there are no spots left on the scheduling link, all appointment times have been filled. We will add more appointments when we receive more vaccine.","","2/17/2021 7:20 PM"
"Snohomish","Mill Creek","NORTH SOUND PEDIATRICS","15808 Mill Creek Blvd Suite 201, Mill Creek, WA 98012","Unknown","false","https://northsoundpediatrics.as.me/","http://www.northsoundpediatrics.com","","","Appointments are required and must be scheduled via our link. Our site does not offer walk-ins, telephone scheduling, e-mail scheduling, or waitlists. If there are no appointments on the scheduling link, all timeslots have been filled.","","2/20/2021 8:10 AM"
"Snohomish","Monroe","Evergreen State Fairgrounds","14405 179th Ave SE, Monroe, WA 98272","Unknown","true","https://www.signupgenius.com/tabs/13577df01a0cfedc5ac5-vaccine2","","","","Visit our website to schedule an appointment.","","2/17/2021 12:16 PM"
"Snohomish","Snohomish","KUSLER'S PHARMACY","700 Avenue D, Suite 102, Snohomish, WA 98290","Unknown","false","https://kuslers.as.me/schedule.php","https://www.kuslerspharmacy.net/","","","","","2/21/2021 10:13 AM"
"Snohomish","Snohomish","Matrx Long Term Care Pharmacy","1030 Avenue D Suite 2, Snohomish, WA 98290","Unknown","true","","","covidinfo@matrxltc.com","360-217-2363","","","2/9/2021 10:17 AM"
"Spokane","Deer Park","DEER PARK FAMILY CARE CLINIC","905 East D Street, Deer Park, WA 99006","Unknown","false","","","","(509) 276-5005","Call for hours and times for vaccines.","","2/17/2021 7:20 PM"
"Spokane","Liberty Lake","YOKE'S PHARMACY #16 (LIBERTY LAKE)","1233 N Liberty Lake Rd, Liberty Lake, WA 99019","Unknown","false","https://app.acuityscheduling.com/schedule.php?owner=21573064","https://app.acuityscheduling.com/schedule.php?owner=21573064","llrx@yokesfoods.com","(509) 922-0705","Appointments are required. Please visit website to schedule. If there are no spots left on the scheduling link, all appointment times have been filled. We will add more appointments when we receive more vaccine.","","2/19/2021 11:21 AM"
"Spokane","Spokane","FRED MEYER PHARMACY 70100214","12120 N Division St, Spokane, WA 99208","Unknown","true","https://www.fredmeyer.com/rx/guest/get-vaccinated","","","509-465-4433","Appointments are required. Please schedule on our link. If there are no dates listed, all appointments have been filled. Please check back at a later date. Please do not call the pharmacy to inquire about additional dates. The website will be updated as we receive additional vaccine doses.","","2/11/2021 8:23 AM"
"Spokane","Spokane","FRED MEYER PHARMACY 70100657","400 South Thor St, Spokane, WA 99202","Unknown","true","https://www.fredmeyer.com/rx/guest/get-vaccinated","","","509-532-4033","Appointments are required. Please schedule on our link. If there are no dates listed, all appointments have been filled. Please check back at a later date. Please do not call the pharmacy to inquire about additional dates. The website will be updated as we receive additional vaccine doses.","","2/11/2021 9:15 AM"
"Spokane","Spokane","Hart and Dilatush Pharmacy","601 W Riverside Ave Suite 140, Spokane, WA 99201","Unknown","true","","","admin@hartanddilatush.com","","","","2/12/2021 4:06 PM"
"Spokane","Spokane","MT. SPOKANE PEDIATRICS","9425 N Nevada St Ste 300, Spokane, WA 99218","Unknown","false","","","vaccines@mtspokanepediatrics.com","(509) 270-0065","Email preferred","","2/19/2021 10:04 AM"
"Spokane","Spokane","NEWPORT HWY COSTCO","12020 N Newport Hwy, Spokane, WA 99218","Unknown","false","https://book-costcopharmacy.appointment-plus.com/ctxyhtkq/?&e_id=5005","","","","Appointments are required. Please schedule on our link. If there are no dates listed, all appointments have been filled. Please check back at a later date. Please do not call the pharmacy to inquire about additional dates. The website will be updated as we receive additional vaccine doses.","","2/21/2021 9:13 AM"
"Spokane","Spokane","PMG FAM MED RESIDENCY SPOKANE","624 E Front Ave, Spokane, WA 99202","Unknown","true","https://providencecovidvaccinewamt.squarespace.com/spokane","","","","Please visit our link for current planning, scheduling links, and current phase information.","","2/19/2021 2:08 PM"
"Spokane","Spokane","Providence Medical Park","16528 E. Desmet Court, Spokane, WA 99216","Unknown","true","","https://providencecovidvaccinewamt.squarespace.com/spokane","","","Please visit our link for current planning, scheduling links, and current phase information.","","2/18/2021 1:18 PM"
"Spokane","Spokane","SAFEWAY #27-1473","14020 E Sprague Ave, Spokane, WA 99216","Unknown","true","https://kordinator.mhealthcoach.net/vcl/SafewayPharmacySpokane","","","","Appointments are required. Visit our link to schedule. If there are no spots left on the scheduling link, all appointment times have been filled. We will add more appointments when we receive more vaccine.","","2/3/2021 11:17 AM"
"Spokane","Spokane","UNIFY COMM HEALTH ON MISSION","120 W Mission, Spokane, WA 99201","Moderna","false","","","unifycommunityhealth@yvfwc.org","","","","2/20/2021 2:09 PM"
"Spokane","Spokane","SPOKANE COSTCO","5601 East Sprague Ave, Spokane, WA 99212","Unknown","false","https://book-costcopharmacy.appointment-plus.com/ctx6qy2y/?&e_id=4965","","","","Appointments are required. Please schedule on our link. If there are no dates listed, all appointments have been filled. Please check back at a later date. Please do not call the pharmacy to inquire about additional dates. The website will be updated as we receive additional vaccine doses.","","2/21/2021 9:17 AM"
"Spokane","Veradale","FRED MEYER PHARMACY 70100351","15609 E. Sprague Ave, Veradale, WA 99037","Unknown","true","https://www.fredmeyer.com/rx/guest/get-vaccinated","","","509-921-5383","Appointments are required. Please schedule on our link. If there are no dates listed, all appointments have been filled. Please check back at a later date. Please do not call the pharmacy to inquire about additional dates. The website will be updated as we receive additional vaccine doses.","","2/11/2021 8:41 AM"
"Stevens","Colville","NE TRI COUNTY HD-COLVILLE","240 East Dominion Ave., Colville, WA 99114","Unknown","false","","","","","","","2/21/2021 12:04 PM"
"Stevens","Colville","SAFEWAY #27-0385","391 N Main St, Colville, WA 99114","Unknown","true","https://kordinator.mhealthcoach.net/vcl/SafewayPharmacyColville","","","","Appointments are required. Visit our link to schedule. If there are no spots left on the scheduling link, all appointment times have been filled. We will add more appointments when we receive more vaccine.","","2/3/2021 10:55 AM"
"Thurston","Lacey","Hawks Prairie Pharmacy","2539 Marvin Rd NE Ste E, Lacey, WA 98516","Unknown","true","https://HEALTHMARTCOVIDVACCINE.COM","","","","To schedule an appointment please use this link.","","2/19/2021 9:17 AM"
"Thurston","Lacey","PMG HAWKS PRAIRIE FAMILY MED","2555 Marvin Rd NE, Lacey, WA 98516","Unknown","false","","","SWPMGCovidVaccineTeam@providence.org","","Please email for an appointment. Do not call or come in to our office to schedule a vaccine appointment. Thank you.","","2/21/2021 1:59 PM"
"Thurston","Lacey","PMG LACEY FAMILY MEDICINE","4800 College St SE, Lacey, WA 98503","Unknown","false","","","SWPMGCovidVaccineTeam@providence.org","","Please email for an appointment. Do not call or come in to our office to schedule a vaccine appointment. Thank you.","","2/21/2021 2:00 PM"
"Thurston","Lacey","FRED MEYER PHARMACY 70100186","700 Sleater-kinney Rd SE, Lacey, WA 98503","Unknown","true","https://www.fredmeyer.com/rx/guest/get-vaccinated","","","360-438-6483","Appointments are required. Please schedule on our link. If there are no dates listed, all appointments have been filled. Please check back at a later date. Please do not call the pharmacy to inquire about additional dates. The website will be updated as we receive additional vaccine doses.","","1/30/2021 10:00 AM"
"Thurston","Lacey","LACEY COSTCO","1470 Marvin Roadne, Lacey, WA 98516","Unknown","false","https://book-costcopharmacy.appointment-plus.com/ctx7pdqm/?&e_id=4977","","","","Appointments are required. Please schedule on our link. If there are no dates listed, all appointments have been filled. Please check back at a later date. Please do not call the pharmacy to inquire about additional dates. The website will be updated as we receive additional vaccine doses.","","2/21/2021 9:11 AM"
"Thurston","Tenino","VALLEY VIEW HC - TENINO CLINIC","273 E Sussex Ave, Tenino, WA 98589","Unknown","false","","","Covidphase@vvhc.org","","email","","2/20/2021 5:08 PM"
"Thurston","Tumwater","Fred Meyer Stores, Tumwater","555 Trosper Rd. SW, Tumwater, WA 98512","Unknown","true","https://www.fredmeyer.com/rx/guest/get-vaccinated","","","360-753-7933","Appointments are required. Please schedule on our link. If there are no dates listed, all appointments have been filled. Please check back at a later date. Please do not call the pharmacy to inquire about additional dates. The website will be updated as we receive additional vaccine doses.","","2/12/2021 3:42 PM"
"Thurston","Tumwater","SAFEWAY #27-1503","520 Cleveland Ave SE, Tumwater, WA 98501","Unknown","true","https://kordinator.mhealthcoach.net/vcl/SafewayPharmacyTumwater","","","","Appointments are required. If there are no spots left on the scheduling link, all appointment times have been filled. We will add more appointments when we receive more vaccine.","","2/3/2021 11:19 AM"
"Thurston","Tumwater","TUMWATER COSTCO","5500 Littlerock Road SW, Tumwater, WA 98512","Unknown","false","https://book-costcopharmacy.appointment-plus.com/ctx6led8/?&e_id=5035","","","","Appointments are required. Please schedule on our link. If there are no dates listed, all appointments have been filled. Please check back at a later date. Please do not call the pharmacy to inquire about additional dates. The website will be updated as we receive additional vaccine doses.","","2/21/2021 9:19 AM"
"Walla Walla","Walla Walla","Safeway Pharmacy 1160","1600 Plaza Way, Walla Walla, WA 99362","Unknown","true","https://kordinator.mhealthcoach.net/vcl/Safeway-WallaWalla-PlazaBlvd","","","","Appointments are required. Please visit our link. If there are no spots on the scheduling link, all appointments have been filled. More appointments will be added when we receive more vaccine.","","2/12/2021 3:26 PM"
"Walla Walla","Walla Walla","Walla Walla County Fairgrounds","363 Orchard St, Walla Walla, WA 99362","Pfizer","true","https://www.signupgenius.com/go/10c0d4da4ac2aa4fec07-phase","https://www.signupgenius.com/go/10c0d4da4ac2aa4fec07-phase","","","By appointment only, no walk-ins accepted. Go to our link to schedule an appointment. Clinic days will depend on vaccine allocation received from state and federal partners.","","2/18/2021 12:17 PM"
"Walla Walla","Walla Walla","WALLA WALLA COUNTY HD","314 W Main St, Walla Walla, WA 99362","Pfizer","true","https://www.covidwwc.com/","https://www.covidwwc.com/","","","We are not providing vaccinations at this site. We are setting up several mass vaccination clinics at Walla Walla County Fairgrounds. Please check our website for the latest information. https://www.covidwwc.com/","","2/19/2021 4:17 PM"
"Whatcom","Bellingham","ASSOCIATES IN FAMILY MEDICINE","3130 Ellis Street, Bellingham, WA 98225","Unknown","false","","","Associatesinfamilymedicine@hinet.org","","Only accepting emails at this time","","2/17/2021 7:20 PM"
"Whatcom","Bellingham","BELLINGHAM COSTCO","4125 Arctic Ave., Bellingham, WA 98226","Unknown","false","https://book-costcopharmacy.appointment-plus.com/ctx948t8/?&e_id=4993","","","","Appointments are required. Please schedule on our link. If there are no dates listed, all appointments have been filled. Please check back at a later date. Please do not call the pharmacy to inquire about additional dates. The website will be updated as we receive additional vaccine doses.","","2/21/2021 9:04 AM"
"Whatcom","Bellingham","FRED MEYER PHARMACY 70100025","800 Lakeway Dr, Bellingham, WA 98229","Unknown","false","https://www.fredmeyer.com/rx/guest/get-vaccinated","https://www.fredmeyer.com/rx/guest/get-vaccinated","","(","Online appointments only","Not available","2/20/2021 1:35 PM"
"Whatcom","Bellingham","HAGGEN PHARMACY #3460","2900 Woburn St, Bellingham, WA 98226","Unknown","true","https://kordinator.mhealthcoach.net/vcl/HaggenPharmacyBellingham","","","","Appointments are required. Please schedule at https://kordinator.mhealthcoach.net/vcl/HaggenPharmacyBellingham. If there are no dates listed, all appointments have been filled. Please check back at a later date. Please do not call the pharmacy to inquire about additional dates. The website will be updated as we receive additional vaccine doses.","","2/3/2021 9:11 PM"
"Whatcom","Bellingham","Mt Shuksan Family Medicine","2101 Cornwall Ave. #101, Bellingham, WA 98225","Unknown","true","","https://www.mtshuksanfamilymedicine.com","CLINIC@MTSHUKSANFAMILYMEDICINE.COM","360-647-1900","Please email","","2/17/2021 7:20 PM"
"Whatcom","Everson","NOOKSACK VALLEY DRUGSTORE","208 E Main St, Everson, WA 98247","Moderna","false","","https://nooksackvalleydrug.com/","nooksackvalleydrug@gmail.com","(360) 966-3481","When vaccines are available appointments are made by calling the store or in-person. Please be patient as we are currently awaiting further delivery of vaccine to our store.","We are currently not taking walk-in appointments","2/18/2021 9:53 AM"
"Whatcom","Ferndale","FERNDALE PHARMACY","2057 Alder Street, Ferndale, WA 98248","Unknown","false","","http://WWW.FERNDALEPHARMACY.COM","FERNDALEPHARMACYWA@GMAIL.COM","","Please do not leave voice mail related to Covid vaccine","PLEASE FILL OUT PATIENT INTAKE FORM FROM OUR WEBSITE WWW.FERNDALEPHARMACY.COM","2/19/2021 4:06 PM"
"Whatcom","Lynden","SAFEWAY #27-1930","8071 Guide Meridian Rd, Lynden, WA 98264","Unknown","true","https://kordinator.mhealthcoach.net/vcl/SafewayPharmacyLynden","","","","Appointments are required. Please schedule on our website. If there are no dates listed, all appointments have been filled. Please check back at a later date. Please do not call the pharmacy to inquire about additional dates. The website will be updated as we receive additional vaccine doses.","","2/3/2021 11:28 AM"
"Whitman","Colfax","Whitman Hospital & Medical Center","1200 W. Fairview St., Colfax, WA 99111","Unknown","true","","https://www.whmc.org/covid-19-vaccination/","","(509) 397-5719","COVID vaccine administration at this location is only for Whitman County residents or current patients from this healthcare facility. To schedule appointment call 509-397-5719.","Not accepting walk in appointments","2/21/2021 1:03 PM"
"Whitman","Pullman","Pullman Regional Hospital","835 SE Bishop Bvld, Pullman, WA 99163","Unknown","false","","http://www.pullmanregional.org","covidvaccine@pullmanregional.org","(509) 336-7722","","","2/21/2021 12:30 PM"
"Whitman","Pullman","SAFEWAY #27-2639","430 SE Bishop Blvd, Pullman, WA 99163","Unknown","true","https://kordinator.mhealthcoach.net/vcl/SafewayPharmacyPullman","","","","Appointments are required. If there are no spots left on the scheduling link, all appointment times have been filled. We will add more appointments when we receive more vaccine.","","2/3/2021 11:29 AM"
"Whitman","Pullman","SCHWEITZER ENGINEERING LAB","2560 NE Hopkins Ct, Pullman, WA 99163","Unknown","true","","","","509-592-4784","","","2/17/2021 7:21 PM"
"Whitman","Pullman","SIDS PHARMACY","825 Se Bishop Blvd Ste 301, Pullman, WA 99163","Unknown","true","","","covid@sidspharmacy.com","509-339-7078","COVID vaccine administration at this location is only for current patients from this healthcare facility.","","2/17/2021 7:20 PM"
"Yakima","Grandview","YAK GRANDVIEWMED","1000 Wallace Way, Grandview, WA 98930","Unknown","false","","","Quality@yvfwc.org","","Please send an email including first and last name, best contact number and city. Scheduler will call you back.","","2/20/2021 10:12 PM"
"Yakima","Sunnyside","Swofford & Halma Clinic Inc PS","2303 Reith Way, Sunnyside, WA 98944","Unknown","false","","","","(509) 837-3933","call to schedule appointment slot","","2/19/2021 2:42 PM"
"Yakima","Toppenish","TOPPENISH MEDICAL YVFWC","510 W. First Avenue, Toppenish, WA 98948","Unknown","false","","","ToppCOVIDvaccines@yvfwc.org","","For groups scheduling over 5 people- please email a list including first and last name, contact number and city. Our scheduler will call you back. For individuals and groups scheduling up to 5 people- call the main number at: (509) 865-5600.","","2/20/2021 2:01 PM"
"Yakima","Union Gap","UNION GAP COSTCO","2310 Longfibre Rd, Union Gap, WA 98903","Unknown","false","https://book-costcopharmacy.appointment-plus.com/ctx994xy/?&e_id=4987","","","","Appointments are required. Please schedule on our link. If there are no dates listed, all appointments have been filled. Please check back at a later date. Please do not call the pharmacy to inquire about additional dates. The website will be updated as we receive additional vaccine doses.","","2/21/2021 9:19 AM"
"Yakima","Yakima","CENTRAL WA FAMILY MEDICINE","1806 W Lincoln Ave, Yakima, WA 98902","Unknown","false","","https://www.CHCW.org","covidvaccine@chcw.org","","Go to our website to be placed on a wait list.","","2/20/2021 11:54 AM"
"Yakima","Yakima","FRED MEYER PHARMACY 70100486","1206 North 40th Ave, Yakima, WA 98908","Unknown","true","https://www.fredmeyer.com/rx/guest/get-vaccinated","","","509-576-6833","Appointments are required. Please schedule on our link. If there are no dates listed, all appointments have been filled. Please check back at a later date. Please do not call the pharmacy to inquire about additional dates. The website will be updated as we receive additional vaccine doses.","","2/11/2021 8:47 AM"
"Yakima","Yakima","SAFEWAY #27-1660","905 E Meade Ave, Yakima, WA 98903","Unknown","true","https://kordinator.mhealthcoach.net/vcl/SafewayPharmacyYakima","","","","Appointments are required. If there are no spots left on the scheduling link, all appointment times have been filled. We will add more appointments when we receive more vaccine.","","2/3/2021 11:27 AM"
"Yakima","Yakima","YAKIMA PEDIATRIC ASSOCIATES","402 S 12th Ave, Yakima, WA 98902","Unknown","true","","https://www.chcw.org","covidvaccine@chcw.org","","Go to our website to be placed on a wait list.","","2/12/2021 3:04 PM"
"Yakima","Yakima","YVFWC Yakima Clinic","602 E. Nob Hill Blvd, Yakima, WA 98901","Moderna","false","","","YakVax@yvfwc.org","","","","2/20/2021 2:03 PM"